{"cameraMode":{"drawMode":0,"name":"Shaded","section":"Shading Mode"},"sceneLighting":true,"audioPlay":false,"sceneViewState":{"showFog":true,"showMaterialUpdate":false,"showSkybox":true,"showFlares":true,"showImageEffects":true,"showParticleSystems":true},"in2DMode":false,"pivot":{"x":5.581348896026611,"y":62.710548400878909,"z":10.058154106140137},"rotation":{"x":-0.06251423060894013,"y":-0.7379941940307617,"z":0.6683503985404968,"w":-0.0690247118473053},"size":1.4539830684661866,"orthographic":false}