{"cameraMode":{"drawMode":0,"name":"Shaded","section":"Shading Mode"},"sceneLighting":false,"audioPlay":false,"sceneViewState":{"showFog":true,"showMaterialUpdate":false,"showSkybox":true,"showFlares":true,"showImageEffects":true,"showParticleSystems":true},"in2DMode":false,"pivot":{"x":-0.11858093738555908,"y":-0.05962846428155899,"z":7.045102596282959},"rotation":{"x":0.00041150610195472836,"y":-0.9933007955551148,"z":-0.003558889264240861,"w":-0.11550192534923554},"size":1.9096894264221192,"orthographic":false}