{"cameraMode":{"drawMode":0,"name":"Shaded","section":"Shading Mode"},"sceneLighting":false,"audioPlay":false,"sceneViewState":{"showFog":true,"showMaterialUpdate":false,"showSkybox":true,"showFlares":true,"showImageEffects":true,"showParticleSystems":true},"in2DMode":false,"pivot":{"x":-0.2913123667240143,"y":3.5881385803222658,"z":3.1622161865234377},"rotation":{"x":-0.004163902252912521,"y":-0.6400190591812134,"z":0.0034655057825148107,"w":-0.7683399319648743},"size":25.81172752380371,"orthographic":false}