{"cameraMode":{"drawMode":0,"name":"Shaded","section":"Shading Mode"},"sceneLighting":false,"audioPlay":false,"sceneViewState":{"showFog":true,"showMaterialUpdate":false,"showSkybox":true,"showFlares":true,"showImageEffects":true,"showParticleSystems":true},"in2DMode":false,"pivot":{"x":2.619999885559082,"y":0.6610576510429382,"z":7.617679595947266},"rotation":{"x":-0.48521140217781069,"y":-0.04403657466173172,"z":0.024476753547787668,"w":-0.8729442358016968},"size":3.790165662765503,"orthographic":false}