{"cameraMode":{"drawMode":0,"name":"Shaded","section":"Shading Mode"},"sceneLighting":false,"audioPlay":false,"sceneViewState":{"showFog":true,"showMaterialUpdate":false,"showSkybox":true,"showFlares":true,"showImageEffects":true,"showParticleSystems":true},"in2DMode":false,"pivot":{"x":-3.7057251930236818,"y":0.5269811153411865,"z":-0.11504639685153961},"rotation":{"x":0.013410250656306744,"y":-0.9516334533691406,"z":-0.04197843000292778,"w":-0.3040590286254883},"size":6.386345863342285,"orthographic":false}