{"cameraMode":{"drawMode":0,"name":"Shaded","section":"Shading Mode"},"sceneLighting":false,"audioPlay":false,"sceneViewState":{"showFog":true,"showMaterialUpdate":false,"showSkybox":true,"showFlares":true,"showImageEffects":true,"showParticleSystems":true},"in2DMode":false,"pivot":{"x":3.9425506591796877,"y":1.4621978998184205,"z":7.1875786781311039},"rotation":{"x":-0.018766475841403009,"y":-0.12567971646785737,"z":0.0023755421862006189,"w":-0.991890549659729},"size":10.498291969299317,"orthographic":false}